partNo,partName,cat,measure,partStatus
PN-0001,Integrate Front-End Eyeballs,electrical,L,active
PN-0002,Disintermediate Mission-Critical Bandwidth,structural,L,active
PN-0003,Expedite Vertical Mindshare,fastener,GAL,discontinued
PN-0004,Disintermediate User-Centric Interfaces,drive,GAL,active
PN-0005,Iterate Sticky Initiatives,fastener,FT,active
PN-0006,Transform Granular Mindshare,structural,IN,active
PN-0007,Enable Integrated Metrics,electrical,MM,obsolete
PN-0008,Empower Viral Architectures,pneumatic,PKG,discontinued
PN-0009,Benchmark Leading-Edge Roi,fastener,PKG,active
PN-0010,E-Enable Frictionless Technologies,fastener,IN,active
PN-0011,Optimize Sticky Applications,structural,GAL,active
P12,Visualize Leading-Edge Platforms,drive,EA,discontinued
PN-0013,Target Open-Source Supply-Chains,sealing,M,active
PN-0014,Scale Visionary Communities,sealing,IN,active
PN-0015,Evolve Turn-Key Markets,thermal,EA,active
PN-0016,Empower Out-Of-The-Box Roi,electrical,PKG,discontinued
PN-0017,Optimize One-To-One Content,bearing,FT,active
PN-0018,Revolutionize Bricks-And-Clicks E-Commerce,thermal,MM,active
PN-0019,Deploy Strategic Convergence,optical,PKG,active
PN-0020,Evolve B2C Networks,structural,IN,active
PN-0021,Transform Cutting-Edge Systems,structural,GAL,discontinued
PN-0022,Orchestrate Clicks-And-Mortar Platforms,fastener,IN,active
P23,Transition 24/7 Channels,structural,IN,active
PN-0024,Revolutionize Cross-Platform Initiatives,thermal,FT,active
PN-0025,Synthesize Back-End Bandwidth,sealing,M,obsolete
2019-PN-26,Iterate Integrated Infrastructures,hydraulic,MM,active
PN-0027,Evolve Best-Of-Breed Methodologies,drive,MM,active
PN-0028,Innovate Wireless Portals,optical,M,active
PN-0029,Deploy World-Class Interfaces,electrical,GAL,active
PN-0030,Reinvent Virtual Solutions,hydraulic,EA,active
PN-0031,Streamline Bleeding-Edge Content,hydraulic,M,active
PN-0032,Aggregate Killer Architectures,optical,MM,active
P33,Synergize Magnetic Markets,structural,EA,active
PN-0034,Streamline Mission-Critical Web-Readiness,drive,GAL,active
PN-0035,Cultivate One-To-One Applications,structural,PKG,obsolete
PN-0036,Enhance End-To-End Systems,electrical,L,active
PN-0037,Orchestrate Interactive Synergies,fastener,FT,active
PN-0038,Enhance 24/7 Networks,drive,MM,active
PN-0039,Aggregate Enterprise E-Commerce,structural,EA,active
PN-0040,Reinvent Enterprise Initiatives,thermal,M,active
PN-0041,Morph Global Users,bearing,PKG,active
PN-0042,Scale Interactive Solutions,hydraulic,LB,active
2019-PN-43,Evolve Real-Time Info-Mediaries,pneumatic,FT,active
PN-0044,Empower Intuitive Info-Mediaries,electrical,M,active
2019-PN-45,Orchestrate Turn-Key E-Services,electrical,KG,active
PN-0046,Architect Collaborative Functionalities,pneumatic,L,discontinued
PN-0047,Maximize Visionary Content,bearing,L,active
PN-0048,Grow Extensible Schemas,optical,GAL,obsolete
P49,Engage Cutting-Edge E-Commerce,electrical,PKG,discontinued
PN-0050,Maximize Intuitive E-Tailers,structural,LB,active
PN-0051,Scale B2C Metrics,drive,GAL,active
PN-0052,Visualize Sticky Functionalities,sealing,L,active
PN-0053,Productize Bleeding-Edge Solutions,thermal,L,active
PN-0054,Re-Intermediate Leading-Edge Portals,sealing,IN,active
PN-0055,Target Next-Generation Content,thermal,M,active
2019-PN-56,Target Visionary Niches,sealing,M,active
PN-0057,Embrace World-Class Convergence,hydraulic,LB,active
PN-0058,Transform Integrated Systems,pneumatic,MM,active
PN-0059,E-Enable Best-Of-Breed Action-Items,pneumatic,GAL,active
PN-0060,Reinvent Out-Of-The-Box Content,pneumatic,IN,active
PN-0061,Incentivize Distributed Deliverables,electrical,PKG,active
PN-0062,Reinvent Seamless Channels,hydraulic,KG,obsolete
PN-0063,Architect Global Roi,bearing,IN,active
PN-0064,Visualize Dynamic Portals,structural,GAL,active
PN-0065,Synergize Viral Portals,optical,KG,active
PN-0066,Transform Bricks-And-Clicks Channels,pneumatic,FT,obsolete
PN-0067,Brand Extensible Mindshare,bearing,MM,active
PN-0068,Morph Mission-Critical Eyeballs,sealing,L,active
PN-0069,Mesh Impactful Markets,structural,EA,obsolete
PN-0070,Grow Ubiquitous Schemas,structural,KG,active
PN-0071,Visualize Sticky Synergies,hydraulic,L,active
PN-0072,Synthesize Compelling Partnerships,bearing,MM,active
PN-0073,Repurpose Best-Of-Breed Systems,electrical,M,active
2019-PN-74,Innovate Cutting-Edge Info-Mediaries,fastener,FT,active
PN-0075,Reinvent Synergistic Synergies,electrical,EA,obsolete
PN-0076,Facilitate Revolutionary Infrastructures,structural,MM,active
P77,E-Enable World-Class Roi,structural,LB,active
PN-0078,Seize Best-Of-Breed Vortals,drive,LB,active
2019-PN-79,Deploy Plug-And-Play Markets,structural,FT,active
P80,Scale Strategic E-Services,bearing,LB,active
PN-0081,Re-Contextualize 24/365 E-Business,drive,IN,active
PN-0082,Integrate Impactful Paradigms,thermal,L,active
PN-0083,Transform Seamless Web-Readiness,optical,M,discontinued
PN-0084,Cultivate Magnetic Portals,hydraulic,L,active
PN-0085,Expedite Viral Communities,sealing,EA,active
PN-0086,Harness Holistic Networks,electrical,L,obsolete
PN-0087,Whiteboard Transparent Web Services,electrical,FT,active
PN-0088,Disintermediate Best-Of-Breed Systems,sealing,FT,active
P89,E-Enable Holistic Web-Readiness,bearing,GAL,active
PN-0090,Transition B2C Systems,fastener,LB,active
PN-0091,Benchmark Virtual Initiatives,optical,FT,active
P92,Optimize Plug-And-Play Platforms,structural,FT,active
2019-PN-93,Whiteboard Dot-Com Experiences,structural,GAL,active
PN-0094,Mesh Impactful E-Services,bearing,EA,obsolete
PN-0095,Implement Web-Enabled Vortals,drive,M,active
PN-0096,Strategize E-Business Channels,optical,GAL,active
PN-0097,Mesh Intuitive Experiences,structural,EA,active
2019-PN-98,Brand Robust Methodologies,pneumatic,KG,discontinued
PN-0099,Extend Sticky Schemas,thermal,L,obsolete
P100,Brand Vertical Convergence,optical,KG,active
PN-0101,Benchmark World-Class Relationships,structural,M,active
PN-0102,Brand Vertical Systems,hydraulic,GAL,active
PN-0103,Evolve Proactive E-Business,thermal,PKG,active
PN-0104,Utilize Cutting-Edge Niches,structural,L,active
PN-0105,Incubate Seamless Web-Readiness,electrical,FT,active
PN-0106,Monetize Robust Initiatives,sealing,IN,active
PN-0107,Strategize Seamless Niches,pneumatic,KG,active
PN-0108,Evolve Synergistic Paradigms,structural,M,active
PN-0109,Architect 24/7 E-Markets,drive,GAL,active
PN-0110,Maximize Customized Technologies,bearing,L,obsolete
PN-0111,Synthesize Synergistic Mindshare,optical,MM,active
P112,Productize Sticky Systems,electrical,KG,active
PN-0113,Syndicate Virtual E-Services,drive,M,active
PN-0114,Drive Real-Time Portals,bearing,L,active
PN-0115,Deploy Sticky Vortals,pneumatic,LB,active
PN-0116,Transform Visionary Schemas,drive,EA,obsolete
PN-0117,Drive Dot-Com Web Services,electrical,EA,discontinued
PN-0118,Synergize Wireless Paradigms,electrical,FT,active
PN-0119,Revolutionize Value-Added Communities,thermal,KG,active
PN-0120,Extend Cross-Media E-Business,fastener,FT,active
PN-0121,Orchestrate Visionary E-Markets,drive,L,active
PN-0122,Empower Interactive Schemas,electrical,FT,obsolete
PN-0123,Re-Intermediate Value-Added Networks,drive,IN,active
PN-0124,Cultivate Virtual Markets,thermal,FT,obsolete
PN-0125,Cultivate End-To-End Initiatives,thermal,FT,active
PN-0126,Extend Cross-Platform Portals,structural,IN,active
PN-0127,Enhance Proactive Methodologies,pneumatic,M,active
2019-PN-128,Empower Back-End Roi,sealing,PKG,active
PN-0129,Deliver Revolutionary Communities,drive,M,discontinued
PN-0130,Monetize Global Deliverables,drive,EA,active
PN-0131,Disintermediate Innovative Relationships,electrical,M,active
PN-0132,Innovate Bricks-And-Clicks Infrastructures,sealing,EA,active
PN-0133,Syndicate Innovative Initiatives,pneumatic,GAL,active
PN-0134,Synthesize Next-Generation Technologies,optical,GAL,active
PN-0135,Streamline Impactful Eyeballs,thermal,LB,discontinued
PN-0136,Target Cross-Media Vortals,sealing,FT,active
PN-0137,Scale Vertical Eyeballs,structural,L,active
PN-0138,Productize Viral Experiences,fastener,EA,active
PN-0139,Drive Visionary Functionalities,hydraulic,KG,active
PN-0140,Facilitate Distributed Deliverables,fastener,PKG,active
PN-0141,Aggregate Cutting-Edge Schemas,fastener,EA,active
PN-0142,Synergize Open-Source E-Services,structural,LB,active
PN-0143,Harness Bleeding-Edge Models,drive,MM,active
P144,Envisioneer Turn-Key Initiatives,structural,KG,active
PN-0145,Scale World-Class Initiatives,hydraulic,M,active
PN-0146,Utilize Distributed Vortals,bearing,M,active
PN-0147,Implement Integrated Applications,structural,MM,active
PN-0148,Extend Turn-Key Markets,thermal,PKG,active
PN-0149,Strategize 24/7 Action-Items,structural,PKG,active
PN-0150,Streamline Cutting-Edge Convergence,optical,KG,active
PN-0151,Mesh Interactive Initiatives,electrical,PKG,active
PN-0152,Exploit Proactive Systems,thermal,IN,obsolete
PN-0153,Enhance World-Class Models,fastener,GAL,active
PN-0154,E-Enable Synergistic Web Services,electrical,L,active
PN-0155,Evolve User-Centric Content,bearing,EA,active
PN-0156,Redefine Synergistic E-Business,fastener,MM,active
PN-0157,Maximize E-Business Experiences,pneumatic,GAL,active
PN-0158,Streamline Best-Of-Breed Platforms,thermal,LB,active
PN-0159,Aggregate User-Centric Bandwidth,optical,GAL,active
PN-0160,Exploit Granular Metrics,bearing,PKG,discontinued
P161,Evolve Cross-Media Communities,pneumatic,M,active
PN-0162,Incentivize Vertical Schemas,sealing,L,active
PN-0163,Harness Frictionless Info-Mediaries,fastener,PKG,obsolete
PN-0164,Target Scalable Initiatives,bearing,MM,active
2019-PN-165,Visualize Revolutionary E-Markets,structural,IN,active
P166,Unleash Front-End Schemas,optical,L,obsolete
PN-0167,Drive Visionary Niches,electrical,PKG,obsolete
PN-0168,Productize Open-Source E-Services,structural,IN,active
PN-0169,Productize Integrated Schemas,structural,FT,active
PN-0170,Maximize Bricks-And-Clicks Deliverables,pneumatic,KG,active
PN-0171,Synergize Mission-Critical Supply-Chains,fastener,L,active
2019-PN-172,Envisioneer Synergistic Functionalities,structural,EA,active
PN-0173,Incubate Plug-And-Play Systems,drive,LB,active
PN-0174,E-Enable Value-Added Networks,pneumatic,MM,active
PN-0175,Utilize User-Centric Synergies,structural,LB,active
PN-0176,Monetize One-To-One Methodologies,drive,L,active
PN-0177,Integrate Enterprise E-Tailers,thermal,EA,active
P178,Deliver B2C Eyeballs,hydraulic,M,active
PN-0179,Grow Killer Infrastructures,optical,MM,discontinued
PN-0180,Engage Back-End Infrastructures,pneumatic,L,discontinued
PN-0181,Reinvent Extensible Portals,drive,FT,active
PN-0182,Synthesize Extensible Deliverables,thermal,LB,active
PN-0183,Disintermediate Robust Convergence,structural,PKG,active
PN-0184,Embrace Clicks-And-Mortar Content,drive,PKG,active
PN-0185,Scale Magnetic Portals,electrical,EA,active
P186,Repurpose Efficient E-Markets,optical,EA,active
P187,Architect Proactive Initiatives,thermal,IN,discontinued
PN-0188,Facilitate Ubiquitous Solutions,optical,EA,active
PN-0189,Transition Open-Source Paradigms,thermal,LB,active
PN-0190,Synthesize Vertical Action-Items,pneumatic,LB,active
2019-PN-191,Re-Intermediate Killer Niches,structural,EA,active
PN-0192,Synergize Next-Generation Paradigms,hydraulic,L,active
PN-0193,Grow Back-End E-Commerce,electrical,GAL,active
PN-0194,Expedite Sticky Markets,bearing,FT,active
PN-0195,Harness 24/365 Solutions,sealing,KG,obsolete
PN-0196,E-Enable 24/7 Applications,pneumatic,IN,discontinued
PN-0197,Revolutionize Out-Of-The-Box Architectures,thermal,L,active
2019-PN-198,Utilize Bleeding-Edge Partnerships,sealing,EA,active
PN-0199,Embrace Enterprise Markets,pneumatic,GAL,active
PN-0200,Target Out-Of-The-Box Methodologies,optical,MM,active
PN-0201,Unleash Bleeding-Edge Content,bearing,L,active
PN-0202,Streamline Revolutionary Content,optical,PKG,active
2019-PN-203,Disintermediate Bleeding-Edge Experiences,pneumatic,L,discontinued
PN-0204,Whiteboard Efficient Experiences,hydraulic,LB,active
PN-0205,Revolutionize Plug-And-Play Paradigms,thermal,M,active
PN-0206,Syndicate One-To-One Synergies,structural,EA,active
PN-0207,Benchmark Killer Systems,optical,IN,active
PN-0208,Benchmark Granular Mindshare,thermal,EA,obsolete
2019-PN-209,Deliver Front-End Mindshare,thermal,PKG,active
2019-PN-210,Synergize Compelling Content,pneumatic,PKG,obsolete
PN-0211,Optimize Seamless Channels,electrical,FT,active
PN-0212,Matrix Synergistic Relationships,bearing,MM,active
PN-0213,Brand One-To-One Metrics,pneumatic,EA,discontinued
PN-0214,Grow Value-Added Methodologies,pneumatic,GAL,active
PN-0215,Grow Back-End Mindshare,optical,IN,active
P216,Seize Integrated E-Commerce,structural,L,active
PN-0217,Envisioneer Robust Mindshare,structural,GAL,active
PN-0218,Visualize Vertical Applications,structural,PKG,active
PN-0219,Maximize Leading-Edge Platforms,structural,EA,active
PN-0220,Monetize Rich Convergence,electrical,EA,active
PN-0221,Enhance Killer Infrastructures,pneumatic,GAL,active
PN-0222,Engineer Cross-Media Vortals,structural,MM,obsolete
PN-0223,Innovate Intuitive Web-Readiness,bearing,KG,active
PN-0224,Synthesize Cross-Media Interfaces,bearing,LB,obsolete
PN-0225,Mesh Frictionless Methodologies,thermal,KG,active
PN-0226,E-Enable Vertical Markets,hydraulic,MM,active
PN-0227,Orchestrate Bricks-And-Clicks Networks,optical,MM,active
PN-0228,Engineer E-Business Niches,structural,IN,active
PN-0229,Unleash Viral Functionalities,structural,L,active
PN-0230,Transform Value-Added Applications,fastener,L,active
PN-0231,Maximize 24/365 Technologies,bearing,GAL,discontinued
PN-0232,Innovate Real-Time Mindshare,thermal,GAL,active
PN-0233,Brand Enterprise Eyeballs,optical,IN,active
PN-0234,Maximize 24/7 Systems,bearing,EA,obsolete
PN-0235,Benchmark Strategic Deliverables,pneumatic,PKG,active
PN-0236,Cultivate E-Business E-Business,drive,IN,active
PN-0237,Generate One-To-One Web-Readiness,optical,M,active
PN-0238,Syndicate Granular Markets,fastener,MM,active
PN-0239,Reinvent Seamless Deliverables,fastener,FT,active
P240,Architect Strategic E-Markets,bearing,IN,discontinued
2019-PN-241,Iterate Real-Time Users,hydraulic,EA,active
PN-0242,Whiteboard Web-Enabled Architectures,structural,KG,active
PN-0243,E-Enable Cross-Media Niches,structural,LB,active
PN-0244,Benchmark Bleeding-Edge Interfaces,bearing,EA,active
PN-0245,Whiteboard Wireless Interfaces,pneumatic,FT,active
PN-0246,Monetize Mission-Critical Platforms,pneumatic,M,active
PN-0247,Syndicate Synergistic Paradigms,electrical,L,active
PN-0248,Monetize Cross-Media Paradigms,thermal,L,active
PN-0249,Benchmark Robust Schemas,drive,PKG,active
PN-0250,Disintermediate Robust Supply-Chains,pneumatic,KG,active
PN-0251,Facilitate Dynamic E-Commerce,hydraulic,GAL,active
PN-0252,Envisioneer Revolutionary Vortals,electrical,MM,obsolete
PN-0253,Envisioneer Proactive Solutions,bearing,M,active
PN-0254,Utilize Cutting-Edge Supply-Chains,optical,EA,active
P255,Repurpose Value-Added Architectures,sealing,IN,active
PN-0256,Architect Clicks-And-Mortar Initiatives,sealing,MM,active
PN-0257,Streamline Granular Systems,thermal,EA,active
PN-0258,Deploy Dynamic Web-Readiness,electrical,M,active
PN-0259,E-Enable Intuitive Portals,sealing,PKG,active
PN-0260,Productize Strategic Methodologies,bearing,GAL,active
PN-0261,Grow Efficient Deliverables,drive,KG,obsolete
PN-0262,Repurpose Strategic Technologies,pneumatic,GAL,active
PN-0263,E-Enable Seamless Vortals,fastener,EA,obsolete
PN-0264,Revolutionize B2B Methodologies,structural,LB,active
PN-0265,Benchmark Dot-Com Supply-Chains,structural,KG,active
PN-0266,Iterate Real-Time Channels,structural,LB,active
PN-0267,Drive Real-Time Content,thermal,L,active
PN-0268,Incentivize Web-Enabled Schemas,sealing,EA,active
PN-0269,Orchestrate Granular Architectures,drive,PKG,active
PN-0270,Re-Contextualize Turn-Key Platforms,thermal,LB,active
2019-PN-271,Deploy Scalable Initiatives,structural,FT,active
PN-0272,Repurpose Holistic Roi,sealing,MM,active
PN-0273,Extend Customized E-Markets,structural,L,active
PN-0274,Drive Out-Of-The-Box Web Services,electrical,KG,active
PN-0275,Grow Next-Generation Channels,thermal,LB,active
PN-0276,Incentivize Killer Systems,optical,GAL,active
PN-0277,Synergize Rich E-Markets,bearing,LB,active
PN-0278,Syndicate World-Class Partnerships,optical,M,active
P279,Innovate Compelling Web-Readiness,structural,L,active
PN-0280,Utilize Extensible Supply-Chains,hydraulic,FT,active
PN-0281,Enhance Mission-Critical Users,optical,LB,active
PN-0282,Matrix Efficient Models,drive,M,active
PN-0283,Embrace Interactive E-Tailers,bearing,L,active
PN-0284,Disintermediate Rich Vortals,thermal,M,discontinued
PN-0285,Extend Compelling Markets,bearing,EA,active
PN-0286,Innovate Transparent Content,sealing,GAL,active
PN-0287,Enhance Front-End Synergies,optical,MM,obsolete
PN-0288,Re-Contextualize Intuitive Infrastructures,thermal,M,obsolete
PN-0289,Incubate Clicks-And-Mortar Bandwidth,fastener,FT,active
PN-0290,Matrix Integrated Markets,sealing,EA,active
PN-0291,Repurpose E-Business Models,thermal,KG,active
PN-0292,Morph B2B Niches,optical,M,active
PN-0293,Envisioneer Bricks-And-Clicks E-Services,hydraulic,KG,active
PN-0294,Innovate Integrated Functionalities,sealing,MM,discontinued
PN-0295,Mesh 24/365 Eyeballs,optical,PKG,active
PN-0296,Aggregate Virtual Web Services,fastener,LB,active
PN-0297,Deploy Open-Source Markets,bearing,L,active
PN-0298,Productize Vertical Platforms,hydraulic,FT,active
PN-0299,Harness 24/365 Infrastructures,thermal,M,active
PN-0300,Incentivize Cutting-Edge Solutions,electrical,LB,obsolete
